insert into disciplina (id, descricao, caminho_imagem)
values (1, 'Português', 'img/disciplinas/portugues.jpg');
insert into disciplina (id, descricao, caminho_imagem)
values (2, 'Matemática', 'img/disciplinas/matematica.jpg');
insert into disciplina (id, descricao, caminho_imagem)
values (3, 'Biologia', 'img/disciplinas/biologia.jpg');
insert into disciplina (id, descricao, caminho_imagem)
values (4, 'Física', 'img/disciplinas/fisica.jpg');
insert into disciplina (id, descricao, caminho_imagem)
values (5, 'Química', 'img/disciplinas/quimica.jpg');
insert into disciplina (id, descricao, caminho_imagem)
values (6, 'Geografia', 'img/disciplinas/geografia.jpg');
insert into disciplina (id, descricao, caminho_imagem)
values (7, 'História', 'img/disciplinas/historia.jpg');
insert into disciplina (id, descricao, caminho_imagem)
values (8, 'Filosofia', 'img/disciplinas/filosofia.jpg');
insert into disciplina (id, descricao, caminho_imagem)
values (9, 'Sociologia', 'img/disciplinas/sociologia.jpg');
insert into disciplina (id, descricao, caminho_imagem)
values (10, 'Espanhol', 'img/disciplinas/espanhol.png');
insert into disciplina (id, descricao, caminho_imagem)
values (11, 'Inglês', 'img/disciplinas/ingles.jpg');
insert into disciplina (id, descricao, caminho_imagem)
values (12, 'Literatura', 'img/disciplinas/literatura.jpg');


insert into dificuldade (id, descricao)
values (1, 'Fácil');
insert into dificuldade (id, descricao)
values (2, 'Médio');
insert into dificuldade (id, descricao)
values (3, 'Difícil');


insert into assunto (id, descricao, id_disciplina)
values (1, 'Interpretação de texto', 1);
insert into assunto (id, descricao, id_disciplina)
values (2, 'Variação Linguística', 1);
insert into assunto (id, descricao, id_disciplina)
values (3, 'Linguística', 1);
insert into assunto (id, descricao, id_disciplina)
values (4, 'Gramática', 1);
insert into assunto (id, descricao, id_disciplina)
values (5, 'Gêneros textuais', 1);
insert into assunto (id, descricao, id_disciplina)
values (6, 'Logaritmo', 2);
insert into assunto (id, descricao, id_disciplina)
values (7, 'Trigonometria', 2);
insert into assunto (id, descricao, id_disciplina)
values (8, 'Análise combinatória', 2);
insert into assunto (id, descricao, id_disciplina)
values (9, 'Porcentagem', 2);
insert into assunto (id, descricao, id_disciplina)
values (10, 'Progressão Aritmética', 2);
insert into assunto (id, descricao, id_disciplina)
values (11, 'Ecologia', 3);
insert into assunto (id, descricao, id_disciplina)
values (12, 'Genética', 3);
insert into assunto (id, descricao, id_disciplina)
values (13, 'Evolução', 3);
insert into assunto (id, descricao, id_disciplina)
values (14, 'Fisiologia', 3);
insert into assunto (id, descricao, id_disciplina)
values (15, 'Citologia', 3);
insert into assunto (id, descricao, id_disciplina)
values (16, 'Mecânica', 4);
insert into assunto (id, descricao, id_disciplina)
values (17, 'Eletricidade', 4);
insert into assunto (id, descricao, id_disciplina)
values (18, 'Ondulatória', 4);
insert into assunto (id, descricao, id_disciplina)
values (19, 'Termologia', 4);
insert into assunto (id, descricao, id_disciplina)
values (20, 'Óptica', 4);
insert into assunto (id, descricao, id_disciplina)
values (21, 'Química orgânica', 5);
insert into assunto (id, descricao, id_disciplina)
values (22, 'Reações inorgânicas', 5);
insert into assunto (id, descricao, id_disciplina)
values (23, 'Eletroquímica', 5);
insert into assunto (id, descricao, id_disciplina)
values (24, 'Termoquímica', 5);
insert into assunto (id, descricao, id_disciplina)
values (25, 'Radioatividade', 5);
insert into assunto (id, descricao, id_disciplina)
values (26, 'Agropecuária', 6);
insert into assunto (id, descricao, id_disciplina)
values (27, 'Urbanização', 6);
insert into assunto (id, descricao, id_disciplina)
values (28, 'Hidrografia', 6);
insert into assunto (id, descricao, id_disciplina)
values (29, 'Geologia e relevo', 6);
insert into assunto (id, descricao, id_disciplina)
values (30, 'População', 6);
insert into assunto (id, descricao, id_disciplina)
values (31, 'Segundo Reinado', 7);
insert into assunto (id, descricao, id_disciplina)
values (32, 'Era Vargas', 7);
insert into assunto (id, descricao, id_disciplina)
values (33, 'Antiguidade Clássica – Roma', 7);
insert into assunto (id, descricao, id_disciplina)
values (34, 'Independência do Brasil', 7);
insert into assunto (id, descricao, id_disciplina)
values (35, 'Regime Militar', 7);
insert into assunto (id, descricao, id_disciplina)
values (36, 'Filosofia Temática', 8);
insert into assunto (id, descricao, id_disciplina)
values (37, 'Filosofia Moderna', 8);
insert into assunto (id, descricao, id_disciplina)
values (38, 'Filosofia Antiga', 8);
insert into assunto (id, descricao, id_disciplina)
values (39, 'Filosofia Contemporânea', 8);
insert into assunto (id, descricao, id_disciplina)
values (40, 'Ética', 8);
insert into assunto (id, descricao, id_disciplina)
values (41, 'Sociologia Temática', 9);
insert into assunto (id, descricao, id_disciplina)
values (42, 'Diversidade Cultural e Estratificação Social', 9);
insert into assunto (id, descricao, id_disciplina)
values (43, 'Teorias Sociológicas', 9);
insert into assunto (id, descricao, id_disciplina)
values (44, 'Poder, Estado e Política', 9);
insert into assunto (id, descricao, id_disciplina)
values (45, 'Movimentos Sociais', 9);
insert into assunto (id, descricao, id_disciplina)
values (46, 'Gramática', 10);
insert into assunto (id, descricao, id_disciplina)
values (47, 'Falsos Cognatos', 10);
insert into assunto (id, descricao, id_disciplina)
values (48, 'Interpretação Textual', 10);
insert into assunto (id, descricao, id_disciplina)
values (49, 'Linguagem Verbal x Linguagem Não-Verbal ', 10);
insert into assunto (id, descricao, id_disciplina)
values (50, 'Vocabulário', 10);
insert into assunto (id, descricao, id_disciplina)
values (51, 'Interpretação Textual', 11);
insert into assunto (id, descricao, id_disciplina)
values (52, 'Simple past', 11);
insert into assunto (id, descricao, id_disciplina)
values (53, 'Countable and Uncountable nouns (Substantivos)', 11);
insert into assunto (id, descricao, id_disciplina)
values (54, 'Pronomes', 11);
insert into assunto (id, descricao, id_disciplina)
values (55, 'Linking words (Conectivos)', 11);
insert into assunto (id, descricao, id_disciplina)
values (56, 'Quinhentismo', 12);
insert into assunto (id, descricao, id_disciplina)
values (57, 'Barroco', 12);
insert into assunto (id, descricao, id_disciplina)
values (58, 'Arcadismo', 12);
insert into assunto (id, descricao, id_disciplina)
values (59, 'Romantismo', 12);
insert into assunto (id, descricao, id_disciplina)
values (60, 'Realismo', 12);
