insert into tb_disciplina (id, descricao)
values (1, 'Português');
insert into tb_disciplina (id, descricao)
values (2, 'Matemática');
insert into tb_disciplina (id, descricao)
values (3, 'Biologia');
insert into tb_disciplina (id, descricao)
values (4, 'Física');
insert into tb_disciplina (id, descricao)
values (5, 'Química');
insert into tb_disciplina (id, descricao)
values (6, 'Geografia');
insert into tb_disciplina (id, descricao)
values (7, 'História');
insert into tb_disciplina (id, descricao)
values (8, 'Filosofia');
insert into tb_disciplina (id, descricao)
values (9, 'Sociologia');
insert into tb_disciplina (id, descricao)
values (10, 'Espanhol');
insert into tb_disciplina (id, descricao)
values (11, 'Inglês');
insert into tb_disciplina (id, descricao)
values (12, 'Literatura');


insert into tb_dificuldade (id, descricao)
values (1, 'Fácil');
insert into tb_dificuldade (id, descricao)
values (2, 'Médio');
insert into tb_dificuldade (id, descricao)
values (3, 'Difícil');


insert into tb_assunto (id, descricao, id_disciplina)
values (1, 'Interpretação de texto', 1);
insert into tb_assunto (id, descricao, id_disciplina)
values (2, 'Variação Linguística', 1);
insert into tb_assunto (id, descricao, id_disciplina)
values (3, 'Linguística', 1);
insert into tb_assunto (id, descricao, id_disciplina)
values (4, 'Gramática', 1);
insert into tb_assunto (id, descricao, id_disciplina)
values (5, 'Gêneros textuais', 1);
insert into tb_assunto (id, descricao, id_disciplina)
values (6, 'Logaritmo', 2);
insert into tb_assunto (id, descricao, id_disciplina)
values (7, 'Trigonometria', 2);
insert into tb_assunto (id, descricao, id_disciplina)
values (8, 'Análise combinatória', 2);
insert into tb_assunto (id, descricao, id_disciplina)
values (9, 'Porcentagem', 2);
insert into tb_assunto (id, descricao, id_disciplina)
values (10, 'Progressão Aritmética', 2);
insert into tb_assunto (id, descricao, id_disciplina)
values (11, 'Ecologia', 3);
insert into tb_assunto (id, descricao, id_disciplina)
values (12, 'Genética', 3);
insert into tb_assunto (id, descricao, id_disciplina)
values (13, 'Evolução', 3);
insert into tb_assunto (id, descricao, id_disciplina)
values (14, 'Fisiologia', 3);
insert into tb_assunto (id, descricao, id_disciplina)
values (15, 'Citologia', 3);
insert into tb_assunto (id, descricao, id_disciplina)
values (16, 'Mecânica', 4);
insert into tb_assunto (id, descricao, id_disciplina)
values (17, 'Eletricidade', 4);
insert into tb_assunto (id, descricao, id_disciplina)
values (18, 'Ondulatória', 4);
insert into tb_assunto (id, descricao, id_disciplina)
values (19, 'Termologia', 4);
insert into tb_assunto (id, descricao, id_disciplina)
values (20, 'Óptica', 4);
insert into tb_assunto (id, descricao, id_disciplina)
values (21, 'Química orgânica', 5);
insert into tb_assunto (id, descricao, id_disciplina)
values (22, 'Reações inorgânicas', 5);
insert into tb_assunto (id, descricao, id_disciplina)
values (23, 'Eletroquímica', 5);
insert into tb_assunto (id, descricao, id_disciplina)
values (24, 'Termoquímica', 5);
insert into tb_assunto (id, descricao, id_disciplina)
values (25, 'Cinemática', 5);
insert into tb_assunto (id, descricao, id_disciplina)
values (26, 'Agropecuária', 6);
insert into tb_assunto (id, descricao, id_disciplina)
values (27, 'Urbanização', 6);
insert into tb_assunto (id, descricao, id_disciplina)
values (28, 'Hidrografia', 6);
insert into tb_assunto (id, descricao, id_disciplina)
values (29, 'Geologia e relevo', 6);
insert into tb_assunto (id, descricao, id_disciplina)
values (30, 'População', 6);
insert into tb_assunto (id, descricao, id_disciplina)
values (31, 'Segundo Reinado', 7);
insert into tb_assunto (id, descricao, id_disciplina)
values (32, 'Era Vargas', 7);
insert into tb_assunto (id, descricao, id_disciplina)
values (33, 'Antiguidade Clássica – Roma', 7);
insert into tb_assunto (id, descricao, id_disciplina)
values (34, 'Independência do Brasil', 7);
insert into tb_assunto (id, descricao, id_disciplina)
values (35, 'Regime Militar', 7);
insert into tb_assunto (id, descricao, id_disciplina)
values (36, 'Filosofia Temática', 8);
insert into tb_assunto (id, descricao, id_disciplina)
values (37, 'Filosofia Moderna', 8);
insert into tb_assunto (id, descricao, id_disciplina)
values (38, 'Filosofia Antiga', 8);
insert into tb_assunto (id, descricao, id_disciplina)
values (39, 'Filosofia Contemporânea', 8);
insert into tb_assunto (id, descricao, id_disciplina)
values (40, 'Ética', 8);
insert into tb_assunto (id, descricao, id_disciplina)
values (41, 'Sociologia Temática', 9);
insert into tb_assunto (id, descricao, id_disciplina)
values (42, 'Diversidade Cultural e Estratificação Social', 9);
insert into tb_assunto (id, descricao, id_disciplina)
values (43, 'Teorias Sociológicas', 9);
insert into tb_assunto (id, descricao, id_disciplina)
values (44, 'Poder, Estado e Política', 9);
insert into tb_assunto (id, descricao, id_disciplina)
values (45, 'Movimentos Sociais', 9);
insert into tb_assunto (id, descricao, id_disciplina)
values (46, 'Gramática', 10);
insert into tb_assunto (id, descricao, id_disciplina)
values (47, 'Falsos Cognatos', 10);
insert into tb_assunto (id, descricao, id_disciplina)
values (48, 'Interpretação Textual', 10);
insert into tb_assunto (id, descricao, id_disciplina)
values (49, 'Linguagem Verbal x Linguagem Não-Verbal ', 10);
insert into tb_assunto (id, descricao, id_disciplina)
values (50, 'Vocabulário', 10);
insert into tb_assunto (id, descricao, id_disciplina)
values (51, 'Interpretação Textual', 11);
insert into tb_assunto (id, descricao, id_disciplina)
values (52, 'Simple past', 11);
insert into tb_assunto (id, descricao, id_disciplina)
values (53, 'Countable and Uncountable nouns (Substantivos)', 11);
insert into tb_assunto (id, descricao, id_disciplina)
values (54, 'Pronomes', 11);
insert into tb_assunto (id, descricao, id_disciplina)
values (55, 'Linking words (Conectivos)', 11);
insert into tb_assunto (id, descricao, id_disciplina)
values (56, 'Quinhentismo', 12);
insert into tb_assunto (id, descricao, id_disciplina)
values (57, 'Barroco', 12);
insert into tb_assunto (id, descricao, id_disciplina)
values (58, 'Arcadismo', 12);
insert into tb_assunto (id, descricao, id_disciplina)
values (59, 'Romantismo', 12);
insert into tb_assunto (id, descricao, id_disciplina)
values (60, 'Realismo', 12);

insert into tb_questoes (id, comentario, enunciado, imagem, texto,
id_dificuldade, id_assunto,disciplina_id) values (1,NULL, "Para se entender o trecho como uma unidade de sentido, é
preciso que o leitor reconheça a ligação entre seus
elementos. Nesse texto, a coesão é construída
predominantemente pela retomada de um termo por outro e
pelo uso da elipse. O fragmento do texto em que há coesão
por elipse do sujeito é: ", NULL, 
" (Enem 2013) Gripado, penso entre espirros em como a
palavra gripe nos chegou após uma série de contágios entre
línguas. Partiu da Itália em 1743 a epidemia de gripe que
disseminou pela Europa, além do vírus propriamente dito,
dois vocábulos virais: o italiano influenza e o francês grippe. O primeiro era um termo derivado do latim
medieval influentia, que significava “influência dos astros
sobre os homens”. O segundo era apenas a forma nominal
do verbo gripper, isto é, “agarrar”. Supõe-se que fizesse
referência ao modo violento como o vírus se apossa do
organismo infectado.",1,4,1), 
(2, NULL, "Ao escrever um artigo de opinião, o produtor precisa criar
uma base de orientação linguística que permita alcançar os
leitores e convencê-los com relação ao ponto de vista
defendido. Diante disso, nesse texto, a escolha das formas
verbais em destaque objetiva", NULL, "Novas tecnologias
Atualmente, prevalece na mídia um discurso de
exaltação das novas tecnologias, principalmente aquelas
ligadas às atividades de telecomunicações. Expressões
frequentes como “o futuro já chegou”, “maravilhas
tecnológicas” e “conexão total com o mundo” “fetichizam”
novos produtos, transformando-os em objetos do desejo, de
consumo obrigatório. Por esse motivo carregamos hoje nos
bolsos, bolsas e mochilas o “futuro” tão festejado.
Todavia, não podemos reduzir-nos a meras vítimas
de um aparelho midiático perverso, ou de um aparelho
capitalista controlador. Há perversão, certamente, e
controle, sem sombra de dúvida. Entretanto, desenvolvemos
uma relação simbiótica de dependência mútua com os
veículos de comunicação, que se estreita a cada imagem
compartilhada e a cada dossiê pessoal transformado em
objeto público de entretenimento.
Não mais como aqueles acorrentados na caverna
de Platão, somos livres para nos aprisionar, por espontânea
vontade, a esta relação sadomasoquista com as estruturas
midiáticas, na qual tanto controlamos quanto somos
controlados.", 2,4,1),
(3, NULL, 'Na piada, a quebra de expectativa contribui para produzir o
efeito de humor. Esse efeito ocorre porque um dos
personagens', NULL, 'Dois comprades viajavam de carro por uma
estrada de fazenda quando um bicho cruzou a frente do
carro.
Um dos compadres falou:
— Passou um largato ali!
O outro perguntou:
— Lagarto ou largato?
O primeiro respondeu:
— Num sei não, o bicho passou muito rápido.', 3,4,1),
(4, NULL, 'As palavras e as expressões são mediadoras dos sentidos
produzidos nos textos. Na fala de Hagar, a expressão “é como se” ajuda a conduzir o conteúdo 
enunciado para o campo da', 'img/questoes/enem-2012-7.png', NULL, 2, 4,1),
(5, NULL, 'No texto, o autor desenvolve uma reflexão sobre diferentes possibilidades de uso da língua e sobre os sentidos que esses usos podem produzir, 
a exemplo das expressões “voltou de ateu”, “disilimina esse” e “eu não sei a ler”. Com essa reflexão, o autor destaca', NULL, 'Cabeludinho

Quando a Vó me recebeu nas férias, ela me apresentou aos amigos: Este é meu neto. Ele foi estudar no Rio e voltou de ateu. Ela disse que eu voltei de 
ateu. Aquela preposição deslocada me fantasiava de ateu. Como quem dissesse no Carnaval: aquele menino está fantasiado de palhaço. 
Minha avó entendia de regências verbais. Ela falava de sério. Mas todo-mundo riu. 
Porque aquela preposição deslocada podia fazer de uma informação um chiste. E fez. E mais: eu acho que buscar a beleza nas palavras é uma 
solenidade de amor. E pode ser instrumento de rir. De outra feita, no meio da pelada um menino gritou: Disilimina esse, Cabeludinho. 
Eu não disiliminei ninguém. Mas aquele verbo novo trouxe um perfume de poesia à nossa quadra. Aprendi nessas férias a brincar de palavras mais do 
que trabalhar com elas. Comecei a não gostar de palavra engavetada. Aquela que não pode mudar de lugar. Aprendi a gostar mais das palavras pelo que 
elas entoam do que pelo que elas informam. Por depois ouvi um vaqueiro a cantar com saudade: Ai morena, não me escreve / que eu não sei aler. 
Aquele a preposto ao verbo ler, ao meu ouvir, ampliava  a solidão do vaqueiro.', 3, 4,1),
(6, NULL, 'Utilizando 0,26 como valor aproximado para tangente de
15º e duas casas decimais nas operações, descobre-se que a
área da base desse prédio ocupa na avenida um espaço', 'http://s2.glbimg.com/wFmzcyoTJ-4YBRhZn5gLT4fJR0M=/0x0:290x389/290x389/s.glbimg.com/po/ek/f/original/2013/11/08/enem-prova-2013-136.png'
, '(Enem 2013) As torres Puerta de Europa são duas torres
inclinadas uma contra a outra, construídas numa avenida de
Madri, na Espanha. A inclinação das torres é de 15° com a
vertical e elas têm, cada uma, uma altura de 114 m (a altura
é indicada na figura como o segmento AB). Estas torres são
um bom exemplo de um prisma oblíquo de base quadrada e
uma delas pode ser observada na imagem.', 3,7,2),
(7, NULL, 'Suponha que o navegante tenha medido o ângulo aa = 30º e, ao chegar ao ponto B, verificou que o barco havia percorrido a 
distância AB = 2 000 m. Com base nesses dados e mantendo a mesma trajetória, a menor distância do barco até o ponto fixo P será'
, 'http://s2.glbimg.com/GTotnU7Qw8dYHLL9Ua2ynlxC4Rs=/0x0:682x219/620x199/s.glbimg.com/po/ek/f/original/2013/10/09/questao_155_da_prova_do_enem_2011_.png'
,'Para determinar a distância de um barco até a praia, um navegante utilizou o seguinte procedimento: a partir de um ponto A, mediu o ângulo visual aa fazendo mira em um ponto fixo P da praia.
 Mantendo o barco no mesmo sentido, ele seguiu até um ponto B de modo que fosse possível ver o mesmo ponto P da praia, no entanto sob um ângulo visual 2aa. A figura ilustra essa situação:', 3, 7,2),
 (8, NULL, 'Qual a altura aproximada em que se encontrava o balão?', 'http://3.bp.blogspot.com/-Rm-PKfy3PVo/TlVASI-RRiI/AAAAAAAAADw/wgm4hIim4PI/s1600/160.jpg', 
 '(Enem 2010) Um balão atmosférico, lançado em Bauru
(343 quilômetros a Noroeste de São Paulo), na noite do
último domingo, caiu nesta segunda-feira em Cuiabá
Paulista, na região de Presidente Prudente, assustando
agricultores da região. O artefato faz parte do programa
Projeto Hibiscus, desenvolvido por Brasil, Franca,
Argentina, Inglaterra e Itália, para a medição do
comportamento da camada de ozônio, e sua descida se deu
após o cumprimento do tempo previsto de medição.

Na data do acontecido, duas pessoas avistaram o balão.
Uma estava a 1,8 km da posição vertical do balão e o
avistou sob um ângulo de 60°; a outra estava a 5,5 km da
posição vertical do balão, alinhada com a primeira, e no
mesmo sentido, conforme se vê na figura, e o avistou sob
um ângulo de 30°.',2, 7,2),
(9, NULL, 'O cientista deveria concluir que, periodicamente, S atinge o valor de', NULL,
'Um satélite de telecomunicações, t minutos após ter atingido sua órbita, está a r quilômetros de distância do centro da Terra. Quando r assume seus valores máximo e mínimo, diz-se que o satélite atingiu o apogeu e o perigeu, respectivamente. Suponha que, para esse satélite, o valor de r em função de t seja dado por 

r(t)=58651+0,15·cos(0,06t)

Um cientista monitora o movimento desse sate´lite para controlar o seu afastamento do centro da Terra. Para isso, ele precisa calcular a soma dos valores de r, no apogeu e no perigeu, representada por S.',1, 7,2),
(10, NULL, 'Então, o ponto Q percorrerá, no eixo x, uma distância dada
por ', 'http://s2.glbimg.com/WPL788kcPPZyTQZf-uZ3fqBpdWo=/0x0:620x206/620x206/s.glbimg.com/po/ek/f/original/2014/09/03/enem_2009_174.1.png',
'. (Enem 2009) Considere um ponto P em uma
circunferência de raio r no plano cartesiano. Seja Q a
projeção ortogonal de P sobre o eixo x, como mostra a
figura, e suponha que o ponto P percorra, no sentido antihorário, uma distância d = r sobre a circunferência',3, 7,2),
(11, NULL, 'Desprezando a resistência do ar, qual é a direção e o sentido do vetor força resultante que
atua sobre o objeto no ponto mais alto da trajetória?',NULL, '(Enem PPL 2014) Na Antiguidade, algumas pessoas acreditavam que, no lançamento
obliquo de um objeto, a resultante das forças que atuavam sobre ele tinha o mesmo sentido
da velocidade em todos os instantes do movimento. Isso não está de acordo com as
interpretações científicas atualmente utilizadas para explicar esse fenômeno.',3, 25,4),
(12, NULL, 'A partir dos resultados, a situação em que ocorre maior emissão de poluentes é aquela na
qual o percurso é feito com o motor',NULL, '(Enem PPL 2014) Um pesquisador avaliou o efeito da temperatura do motor (em
velocidade constante) e da velocidade média de um veículo (com temperatura do motor
constante) sobre a emissão de monóxido de carbono em dois tipos de percurso, aclive
e declive, com iguais distâncias percorridas em linha reta. Os resultados são apresentados
nas duas figuras.',1, 25,4),
(13, NULL, 'O piloto consegue apanhar o projétil, pois',NULL, '(Enem PPL 2013) Conta-se que um curioso incidente aconteceu durante a Primeira
Guerra Mundial. Quando voava a uma altitude de dois mil metros, um piloto francês viu o
que acreditava ser uma mosca parada perto de sua face. Apanhando-a rapidamente, ficou
surpreso ao verificar que se tratava de um projétil alemão.',1, 25,4),
(14, NULL, 'O tempo mínimo, em segundos, que o motorista deve gastar para passar pela lombada
eletrônica, cujo limite é de 40 km/h, sem receber uma multa, é de',NULL, '(Enem PPL 2013) Antes das lombadas eletrônicas, eram pintadas faixas nas ruas para
controle da velocidade dos automóveis. A velocidade era estimada com o uso de binóculos e
cronômetros. O policial utilizava a relação entre a distância percorrida e o tempo gasto, para
determinar a velocidade de um veículo. Cronometrava-se o tempo que um veículo levava
para percorrer a distância entre duas faixas fixas, cuja distância era conhecida. A lombada
eletrônica é um sistema muito preciso, porque a tecnologia elimina erros do operador. A
distância entre os sensores é de 2 metros, e o tempo é medido por um circuito eletrônico',2, 25,4),
(15, NULL, 'Considerando uma velocidade de 72 km/h, qual o módulo da diferença entre as acelerações
de frenagem depois e antes da adoção dessa tecnologia?',NULL, '(Enem PPL 2013) O trem de passageiros da Estrada de Ferro Vitória-Minas (EFVM), que
circula diariamente entre a cidade de Cariacica, na Grande Vitória, e a capital mineira Belo
Horizonte, está utilizando uma nova tecnologia de frenagem eletrônica. Com a tecnologia
anterior, era preciso iniciar a frenagem cerca de 400 metros antes da estação. Atualmente,
essa distância caiu para 250 metros, o que proporciona redução no tempo de viagem',2, 25,4);




insert into tb_alternativas (id, descricao, resposta, id_questoes) values
(1, '[…] a palavra gripe nos chegou após uma série de
contágios entre línguas.',0,1),
(2, 'Partiu da Itália em 1743 a epidemia de gripe […]',0,1),
(3, 'O primeiro era um termo derivado do latim medieval
influentia, que significava "influência dos astros sobre os
homens"',0,1),
(4, 'O segundo era apenas a forma nominal do verbo
gripper […]',0,1),
(5, 'Supõe-se que fizesse referência ao modo violento como
o vírus se apossa do organismo infectado.',1,1),
(6, 'criar relação de subordinação entre leitor e autor, já que
ambos usam as novas tecnologias.',0,2),
(7, ' enfatizar a probabilidade de que toda população
brasileira esteja aprisionada às novas tecnologias.',0,2),
(8, ' indicar, de forma clara, o ponto de vista de que hoje as
pessoas são controladas pelas novas tecnologias.',0,2),
(9, 'tornar o leitor copartícipe do ponto de vista de que ele
manipula as novas tecnologias e por elas é manipulado.',1,2),
(10, 'demonstrar ao leitor sua parcela de responsabilidade por
deixar que as novas tecnologias controlem as pessoas. ',0,2),
(11, 'reconhece a espécie do animal avistado.',0,3),
(12, 'tem dúvida sobre a pronúncia do nome do réptil.',0,3),
(13, 'desconsidera o conteúdo linguístico da pergunta.',1,3),
(14, 'constata o fato de um bicho cruzar a frente do carro.',0,3),
(15, 'apresenta duas possibilidades de sentido para a mesma
palavra.',0,3),
(16, ' conformidade, pois as condições meteorológicas evidenciam um 
acontecimento ruim.',0,4),
(17, 'reflexibilidade, pois o personagem se refere aos tubarões usando um pronome reflexivo.',0,4),
(18, 'condicionalidade, pois a atenção dos personagens é a condição necessária para a sua sobrevivência.',0,4),
(19, 'possibilidade, pois a proximidade dos tubarões leva à suposição do perigo iminente para os homens.',1,4),
(20, 'impessoalidade, pois o personagem usa a terceira pessoa para expressar o distanciamento dos fatos.',0,4),
(21, 'os desvios linguísticos cometidos pelos personagens do texto.',0,5),
(22, 'a importância de certos fenômenos gramaticais para o conhecimento da língua portuguesa.',0,5),
(23, 'a distinção clara entre a norma culta e as outras variedades linguísticas.',0,5),
(24, 'o relato fiel de episódios vividos por Cabeludinho durante as suas férias.',0,5),
(25, 'a valorização da dimensão lúdica e poética presente nos usos coloquiais da linguagem.',1,5),
(26, 'menor que 100 m2.',0,6),
(27, 'entre 100 m2 e 300 m2.',0,6),
(28, 'entre 300 m2 e 500 m2.',0,6),
(29, 'entre 500 m2 e 700 m2.',0,6),
(30, 'maior que 700 m2.',1,6),
(31, '1 000 m.',0,7),
(32, '1 000 3v3vm.',1,7),
(33, '2 000 33--v33--v m.',0,7),
(34, '2 000 m.',0,7),
(35, '2 000 3v3v m.',0,7),
(36, ' 1,8 km',0,8),
(37, '1,9 km',0,8),
(38, '3,1 km',1,8),
(39, '3,7 km',0,8),
(40, '5,5 km',0,8),
(41, '12765 km.',0,9),
(42, '12000 km.',1,9),
(43, '11730 km.',0,9),
(44, '10965 km.',0,9),
(45, '5865 km.',0,9),
(46, 'r( 1 - sen d/r ).',0,10),
(47, 'r( 1 - cos d/r ).',1,10),
(48, 'r( 1 - tag d/r ).',0,10),
(49, 'rsen (r/d).',0,10),
(50, 'rcos (r/d).',0,10),
(51, 'Indefinido, pois ele é nulo, assim como a velocidade vertical nesse ponto.',0,11),
(52, 'Vertical para baixo, pois somente o peso está presente durante o movimento.',1,11),
(53, 'Horizontal no sentido do movimento, pois devido à inércia o objeto mantém seu movimento.',0,11),
(54, 'Inclinado na direção do lançamento, pois a força inicial que atua sobre o objeto é constante.',0,11),
(55, 'Inclinado para baixo e no sentido do movimento, pois aponta para o ponto onde o objeto cairá.',0,11),
(56, 'aquecido, em menores velocidades médias e em pista em declive.',0,12),
(57, 'aquecido, em maiores velocidades médias e em pista em aclive.',0,12),
(58, 'frio, em menores velocidades médias e em pista em declive.',0,12),
(59, 'frio, em menores velocidades médias e em pista em aclive.',1,12),
(60, 'frio, em maiores velocidades médias e em pista em aclive.',0,12),
(61, 'ele foi disparado em direção ao avião francês, freado pelo ar e parou justamente na frente do piloto.',0,13),
(62, 'o avião se movia no mesmo sentido que o dele, com velocidade visivelmente superior.',0,13),
(63, 'ele foi disparado para cima com velocidade constante, no instante em que o avião francês passou.',0,13),
(64, 'o avião se movia no sentido oposto ao dele, com velocidade de mesmo valor.',0,13),
(65, 'o avião se movia no mesmo sentido que o dele, com velocidade de mesmo valor.',1,13),
(66, '0,05.',0,14),
(67, '11,1.',0,14),
(68, '0,18.',1,14),
(69, '22,2.',0,14),
(70, '0,50.',0,14),
(71, '0,08 m/s2',0,15),
(72, '0,30 m/s2',1,15),
(73, '1,10 m/s2',1,15),
(74, '1,60 m/s2',1,15),
(75, '3,90 m/s2',1,15);
